{
	"tintotera_ver": "0.1",
	"apis": [{ 
	"cat": "network",
	"desc": "Networking API",
	"default_color": "blue",
	"api_names:": ["socket","bind","connect","accept","accept4","listen","gethostbyname","recv","recvfrom","recvmsg","send","sendto","sendmsg"]
	},{
        "cat": "file",
        "desc": "File operations",
        "default_color": "yellow",
        "api_names:": ["fopen","fclose","fwrite","dup2","dup","fstat","lseek","lstat","stat","creat","link","unlink","access","chmod","chown","umask","ioctl"]
	},{
        "cat": "generic",
        "desc": "Generic operations",
        "default_color": "gray",
        "api_names:": ["open","close","read","write"]
	},{
        "cat": "interesting",
        "desc": "Interesting System Calls",
        "default_color": "black",
        "api_names:": ["syscall","system"]
	},{
        "cat": "process",
        "desc": "Process Related Calls",
        "default_color": "#FF00FF",
        "api_names:": ["exec","fork","wait","exit","getuid","geteuid","getgid","getegid","getpid","getppid","signal","kill","alarm","chdir"]
	},{
        "cat": "inter_com",
        "desc": "Interprocess Communication",
        "default_color": "#00FFFF",
        "api_names:": ["pipe","msgget","msgsnd","msgrcv","msgctl","semget","semop","shmget","shmat","shmdt"]
	},{
        "cat": "crypto",
        "desc": "Crypto operations",
        "default_color": "orange",
        "api_names:": ["md2","md2_init","md2_update","md2_final","md4","md4_init","md4_update","md4_final","md5","md5_init","md5_update","md5_final","sha1","sha1_init","sha1_update","sha1_final"]
	},{
        "cat": "insecure",
        "desc": "Insecure API",
        "default_color": "red",
        "api_names:": ["strcpy","strcpyA", "strcpyW", "wcscpy", "_tcscpy", "_mbscpy", "StrCpy", "StrCpyA", "StrCpyW", "lstrcpy", "lstrcpyA", "lstrcpyW", "_tccpy", "_mbccpy", "_ftcscpy", "strncpy", "wcsncpy", "_tcsncpy",
			"_mbsncpy", "_mbsnbcpy", "StrCpyN", "StrCpyNA", "StrCpyNW", "StrNCpy", "strcpynA", "StrNCpyA", "StrNCpyW", "lstrcpyn", "lstrcpynA", "lstrcpynW",
		        "strcat", "strcatA", "strcatW", "wcscat", "_tcscat", "_mbscat", "StrCat", "StrCatA", "StrCatW", "lstrcat", "lstrcatA", "lstrcatW", 
			"StrCatBuff", "StrCatBuffA", "StrCatBuffW", "StrCatChainW", "_tccat", "_mbccat", "_ftcscat", "strncat", "wcsncat", "_tcsncat",
			" _mbsncat", "_mbsnbcat", "StrCatN", "StrCatNA", "StrCatNW", "StrNCat", "StrNCatA", "StrNCatW", "lstrncat", "lstrcatnA", "lstrcatnW", "lstrcatn",
			"sprintfW", "sprintfA", "wsprintf", "wsprintfW", "wsprintfA", "sprintf", "swprintf", "_stprintf", "wvsprintf", "wvsprintfA", "wvsprintfW", "vsprintf", "_vstprintf", "vswprintf",
			"wnsprintf", "wnsprintfA", "wnsprintfW", "_snwprintf", "snprintf", "sntprintf", "_vsnprintf", "vsnprintf", "_vsnwprintf", "_vsntprintf", "wvnsprintf", "wvnsprintfA", "wvnsprintfW",
			"_snwprintf", "_snprintf", "_sntprintf", "nsprintf","_snwprintf", "_snprintf", "_sntprintf", "nsprintf", "_vsnprintf", "_vsnwprintf", "_vsntprintf", "wvnsprintf", "wvnsprintfA", "wvnsprintfW",
			"strncpy", "wcsncpy", "_tcsncpy", "_mbsncpy", "_mbsnbcpy", "StrCpyN", "StrCpyNA", "StrCpyNW", "StrNCpy", "strcpynA", "StrNCpyA", "StrNCpyW", "lstrcpyn", "lstrcpynA", "lstrcpynW", "_fstrncpy",
			"strncat", "wcsncat", "_tcsncat", "_mbsncat", "_mbsnbcat", "StrCatN", "StrCatNA", "StrCatNW", "StrNCat", "StrNCatA", "StrNCatW", "lstrncat", "lstrcatnA", "lstrcatnW", "lstrcatn", "_fstrncat",
			"strtok", "_tcstok", "wcstok", "_mbstok", "makepath", "_tmakepath", "_makepath", "_wmakepath", "_splitpath", "_tsplitpath", "_wsplitpath", "scanf", "wscanf", "_tscanf", "sscanf", "swscanf", "_stscanf",
			"snscanf", "snwscanf", "_sntscanf", "_itoa", "_itow", "_i64toa", "_i64tow", "_ui64toa", "_ui64tot", "_ui64tow", "_ultoa", "_ultot", "_ultow",
			"gets", "_getts", "_gettws", "alloca", "_alloca", "strlen", "wcslen", "_mbslen", "_mbstrlen", "StrLen", "lstrlen","memcpy", "RtlCopyMemory", "CopyMemory", "wmemcpy"]
	},{
        "cat": "safe_API",
        "desc": "Safe API",
        "default_color": "green",
        "api_names:": ["strcpy_s","strcat_s","sprintf_s","_snprintf","_snwprintf_s","_vstprintf_s","vsntprintf_s","strncpy_s","strncat_s","strtok_s","_makepath_s","_splitpath_s","sscanf_s","_snscanf_s","_itoa_s","_itow_s","get_s","strnlen_s","memcpy_s","wmemcpy_s"]
        }]
}
