{
"default": {
	"output_dir":"/tintorera",
	"data_dir":"/tintorera/data",
	"source_dir":"",
	"show_basicblocks_complexity":"yes",
	"show_gimple_graph":"yes",
	"show_file_callgraph":"yes",
	"delete_temp_file":"no"
},
"analysis": {
	"do_api_dis":"yes",
	"api":["network","file","generic","insecure","crypto"]
},
"report": {
	"loc_by_hour":500,
	"show_basicblocks":"yes",
	"show_code":"yes",
	"show_comments":"yes",
	"show_comments_cloud":"yes",
	"comments_cloud_banned_words":[";","//","/*","*/","**","{","}","(",")","\n"],
	"low_risk_value":10,
	"low_risk_color":"#00FF00",
	"mid_risk_value":20,
	"mid_risk_color":"#FFFF00",
	"high_risk_value":50,
	"high_risk_color":"#FF6600",
	"very_high_risk_value":51,
	"very_high_risk_color":"#FF0000"
},
"profanity": {
	"path_dict":"/tintorera/profanity_dicts",
	"do_code_files":"yes",
	"code_files":[".c",".h",".cc"]
}
}
